rule_name,effect_bucket,should_ignore,ignore_reason,original_type,once_per_game,once_per_activation,effect_text
Advanced Sight (1),EFFECT_0F3FBB,NO,,Aura Special Rules,,,"Pick one enemy unit within 18"", which friendly units gets Unstoppable when shooting against once (next time the effect would apply)."
Agile,MOVE_+1_ON_ADVANCE,NO,,Special Rules,,,"Moves +1"" when using Advance, and +2"" when using Rush/Charge."
Ambush Aura,AURA_AMBUSH,NO,,Aura Special Rules,,,This model and its unit get Ambush .
Ambush Beacon,EFFECT_F609FF,NO,,Movement,,,"Friendly units using Ambush may ignore distance restrictions from enemies if they are deployed within 6"" of this model."
Ambush Re-Deployment,ONCE_PER_GAME,YES,Once per game effect,Movement,YES,,"Once per game, when a unit where all models have this rule ends its activation, you may immediately remove it from the table (dropping any objectives it might hold within 1""), and deploy it as if it had Ambush at the beginning of the next round."
Ammo Boost (1),PICK_FRIENDLY_UNIT_BUFF,YES,Targets friendly units (buff spell),Aura Special Rules,,,"Pick one friendly unit within 12"", which gets Mischievous Boost once (next time the effect would apply)."
Animate Spirit (1),PICK_FRIENDLY_UNIT_BUFF,YES,Targets friendly units (buff spell),Aura Special Rules,,,"Pick one friendly unit within 12"", which gets Hit & Run Fighter once (next time the effect would apply)."
Armor Rune  (2),PICK_FRIENDLY_UNIT_BUFF,YES,Targets friendly units (buff spell),Aura Special Rules,,,"Pick up to two friendly units within 12"", which get Sturdy Boost once (next time the effect would apply)."
Art of Pain (2),ENEMY_DAMAGE_SPELL,YES,Damage spell targeting enemies,Aura Special Rules,,,"Pick one enemy unit within 6"", which takes 2 hit with AP (2) and Deadly (3)."
Asphyxiating Fog (1),PICK_FRIENDLY_UNIT_BUFF,YES,Targets friendly units (buff spell),Aura Special Rules,,,"Pick one friendly unit within 12"", which gets Counter-Attack once (next time the effect would apply)."
Aura of Peace (1),PICK_FRIENDLY_UNIT_BUFF,YES,Targets friendly units (buff spell),Aura Special Rules,,,"Pick one friendly unit within 12"", which gets Fearless once (next time the effect would apply)."
Aura of Pestilence (1),EFFECT_7BCA93,NO,,Aura Special Rules,,,"Pick one enemy unit within 18"", which counts as being in Difficult Terrain once (next time the effect would apply)."
Bad Omen (2),EFFECT_AACF08,NO,,Aura Special Rules,,,"Pick up to two enemy units within 18"", which friendly units gets Furious against once (next time the effect would apply)."
Bad Shot,HIT_-1,NO,,Weapon,,,This model gets -1 to hit rolls when shooting.
Bane in Melee Aura,AURA_BANE_IN_MELEE,NO,,Aura Special Rules,,,This model and its unit get Bane in melee.
Bane in Melee Buff,PICK_FRIENDLY_UNIT_BUFF,YES,Targets friendly units (buff spell),Weapon,,YES,"Once per activation, before attacking, pick one friendly unit within 12"", which gets Bane in melee once (next time the effect would apply)."
Bane Mark,EFFECT_7CFA4A,NO,,Weapon,,YES,"Once per activation, before attacking, pick one enemy unit within 18"", which friendly units gets Bane when attacking against once (next time the effect would apply)."
Bane when Shooting Aura,AURA_BANE_WHEN_SHOOTING,NO,,Aura Special Rules,,,This model and its unit get Bane when shooting.
Banishing Sigil (2),EFFECT_359272,NO,,Aura Special Rules,,,"Pick up to two enemy units within 18"", which get -1 to defense rolls once (next time the effect would apply)."
Bash,IGNORES_COVER,NO,,Weapon,,,"Ignores Cover, and against units where most models have Defense 5+ to Defense 6+, this weapon gets Blast (+3)."
Battle Rune  (1),PICK_FRIENDLY_UNIT_BUFF,YES,Targets friendly units (buff spell),Aura Special Rules,,,"Pick one friendly unit within 12"", which gets +6"" range when shooting once (next time the effect would apply)."
Battleborn,RECOVER_FROM_SHAKEN_ON_4+,NO,,Defense,,,"If a unit where all models have this rule is Shaken at the beginning of the round, roll one die. On a 4+, it stops being Shaken."
Beautiful Pain (1),ENEMY_DAMAGE_SPELL,YES,Damage spell targeting enemies,Aura Special Rules,,,"Pick one enemy unit within 12"", which takes 2 hit with Shatter ."
Bio-Displacer (3),PICK_FRIENDLY_UNIT_BUFF,YES,Targets friendly units (buff spell),Aura Special Rules,,,"Pick up to three friendly units within 12"", which get Teleport once (next time the effect would apply)."
Bio-Horror (1),ENEMY_DAMAGE_SPELL,YES,Damage spell targeting enemies,Aura Special Rules,,,"Pick one enemy unit within 12"", which takes 2 hit with AP (1) and Surge . Roll as many dice as hits to see if ""on rolls of 6"" effects trigger."
Blades of Discord (1),ENEMY_DAMAGE_SPELL,YES,Damage spell targeting enemies,Aura Special Rules,,,"Pick one enemy unit within 6"", which takes 1 hit with AP (2) and Deadly (3)."
Blessed Ammo (2),PICK_FRIENDLY_UNIT_BUFF,YES,Targets friendly units (buff spell),Aura Special Rules,,,"Pick up to two friendly units within 12"", which get Shred when shooting once (next time the effect would apply)."
Blessed Virus (2),PICK_FRIENDLY_UNIT_BUFF,YES,Targets friendly units (buff spell),Aura Special Rules,,,"Pick up to two friendly units within 12"", which get Rapid Rush once (next time the effect would apply)."
Blessing of Souls (3),PICK_FRIENDLY_UNIT_BUFF,YES,Targets friendly units (buff spell),Aura Special Rules,,,"Pick up to three friendly units within 12"", which get Highborn Boost once (next time the effect would apply)."
Blissful Dance (2),PICK_FRIENDLY_UNIT_BUFF,YES,Targets friendly units (buff spell),Aura Special Rules,,,"Pick up to two friendly units within 12"", which get Melee Evasion once (next time the effect would apply)."
Blood Dome (3),PICK_FRIENDLY_UNIT_BUFF,YES,Targets friendly units (buff spell),Aura Special Rules,,,"Pick up to three friendly units within 12"", which get Evasive once (next time the effect would apply)."
Blood Sight (1),EFFECT_0F3FBB,NO,,Aura Special Rules,,,"Pick one enemy unit within 18"", which friendly units gets Unstoppable when shooting against once (next time the effect would apply)."
Blood Trauma (1),ENEMY_DAMAGE_SPELL,YES,Damage spell targeting enemies,Aura Special Rules,,,"Pick one enemy unit within 18"", which takes 1 hit with Smash ."
Blood Wound (1),ENEMY_DAMAGE_SPELL,YES,Damage spell targeting enemies,Aura Special Rules,,,"Pick one enemy unit within 12"", which takes 2 hit with Demolish ."
Bloodborn,ON_6_TO_HIT_+1_ATTACK_ANY,NO,,Army-Wide Special Rules,,,"For each unmodified roll of 6 to hit when attacking, this model may roll +1 attack with that weapon. This rule doesn't apply to newly generated attacks."
Boom! (2),ENEMY_DAMAGE_SPELL,YES,Damage spell targeting enemies,Aura Special Rules,,,"Pick one enemy unit within 18"", which takes 2 hit with Blast (3)."
Bounding,EFFECT_0986D3,NO,,Movement,,,"When this unit is activated, you may place all models with this rule in it anywhere fully within D3+1"" of their position."
Bounding Aura,AURA_BOUNDING,NO,,Aura Special Rules,,,This model and its unit get Bounding .
Brain Burst (3),ENEMY_DAMAGE_SPELL,YES,Damage spell targeting enemies,Aura Special Rules,,,"Pick one enemy unit within 6"", which takes 3 hit with AP (2) and Deadly (3)."
Brain Infestation (2),HIT_-1,NO,,Aura Special Rules,,,"Pick up to two enemy units within 18"", which get -1 to hit rolls when attacking once (next time the effect would apply)."
Break,ON_6_TO_HIT_AP+2,NO,,Weapon,,,"Ignores Regeneration, and on unmodified results of 6 to hit, those hits get AP (+2)."
Breaking Rune  (1),ENEMY_DAMAGE_SPELL,YES,Damage spell targeting enemies,Aura Special Rules,,,"Pick one enemy model within 24"", which takes 1 hit with AP (4)."
Breath Attack,EFFECT_DE51ED,NO,,Weapon,,YES,"Once per activation, before attacking, roll one die. On a 2+ one enemy unit within 6"" in line of sight takes 1 hit with Blast (3) and AP (1)."
Breath of Change (2),PICK_FRIENDLY_UNIT_BUFF,YES,Targets friendly units (buff spell),Aura Special Rules,,,"Pick up to two friendly units within 12"", which get Bane when Shooting once (next time the effect would apply)."
Brutal Fighter,ON_6_TO_HIT_EXTRA_HIT_MELEE,NO,,Weapon,,,"When in melee, unmodified results of 6 to hit deal 1 extra hit (only the original hit counts as a 6 for special rules)."
Brutal Massacre (2),ENEMY_DAMAGE_SPELL,YES,Damage spell targeting enemies,Aura Special Rules,,,"Pick one enemy unit within 6"", which takes 6 hit with Break . Roll as many dice as hits to see if ""on rolls of 6"" effects trigger."
Burn the Heretic (1),EFFECT_0B91BF,NO,,Aura Special Rules,,,"Pick one enemy unit within 18"", which gets -3 to casting rolls once (next time the effect would apply)."
Burst of Rage (2),PICK_FRIENDLY_UNIT_BUFF,YES,Targets friendly units (buff spell),Aura Special Rules,,,"Pick up to two friendly units within 12"", which get Furious once (next time the effect would apply)."
Butcher,ON_6_TO_HIT_EXTRA_HIT_ANY,NO,,Weapon,,,"Ignores Regeneration, and on unmodified results of 6 to hit, this weapon deals 1 extra hits (only the original hit counts as a 6 for special rules)."
Calculated Foresight (2),EFFECT_E1E0AD,NO,,Aura Special Rules,,,"Pick up to two enemy units within 18"", which friendly units gets Relentless against once (next time the effect would apply)."
Caster Group,EFFECT_CB6A7D,NO,,,,,"Pick one model with this rule in this unit to have Caster (X), where X is the total number of models with this rule in this unit. If the model is killed, pick another to be the new caster, and transfer all spell tokens to it. The caster loses all unspent spell tokens at the end of the round."
Casting Buff,EFFECT_A09D97,NO,,Unit,,YES,"Once per activation, before attacking, pick one friendly model within 12"" with Caster, which gets +1 to casting rolls once (next time the effect would apply)."
Casting Debuff,EFFECT_5970CF,NO,,Unit,,YES,"Once per activation, before attacking, pick one enemy unit within 18"" with Caster, which gets -1 to casting rolls once (next time the effect would apply)."
Celestial Roar (3),PICK_FRIENDLY_UNIT_BUFF,YES,Targets friendly units (buff spell),Aura Special Rules,,,"Pick up to three friendly units within 12"", which get Primal Boost once (next time the effect would apply)."
Cerebral Trauma (1),ENEMY_DAMAGE_SPELL,YES,Damage spell targeting enemies,Aura Special Rules,,,"Pick one enemy unit within 18"", which takes 1 hit with Smash ."
Change Boon (3),PICK_FRIENDLY_UNIT_BUFF,YES,Targets friendly units (buff spell),Aura Special Rules,,,"Pick up to three friendly units within 12"", which get Changebound Boost once (next time the effect would apply)."
Changebound,HIT_-1,NO,,Defense,,,"When units where all models have this rule are shot or charged from over 9"" away, enemy units get -1 to hit rolls."
Changebound Boost,HIT_-1,NO,,Defense,,,"If all models in this unit have Changebound , enemies attacking them always get -1 to hit rolls from Changebound (instead of only when being shot/charged from over 9"" away)."
Changebound Boost Aura,AURA_CHANGEBOUND_BOOST,NO,,Unit,,,This model and its unit get Changebound Boost .
Clan Warrior,ON_6_TO_HIT_+1_ATTACK_ANY,NO,,Army-Wide Special Rules,,,"For each unmodified roll of 6 to hit when attacking, this model may roll +1 attack with that weapon. This rule doesn't apply to newly generated attacks."
Clan Warrior Boost Aura,AURA_CLAN_WARRIOR_BOOST,NO,,Aura Special Rules,,,This model and its unit get Clan Warrior Boost .
Cleaving Rune  (3),ENEMY_DAMAGE_SPELL,YES,Damage spell targeting enemies,Aura Special Rules,,,"Pick one enemy unit within 18"", which takes 3 hit with Blast (3)."
Combat Ecstasy (1),EFFECT_97BEF5,NO,,Aura Special Rules,,,"Pick one enemy unit within 18"", which friendly units gets Quick Shot against once (next time the effect would apply)."
Coordinate,EFFECT_F031EB,NO,,Unit,,,"At the end of this unit's activation, another friendly unit within 12"" that hasn't activated yet may be activated immediately. May not be used if this unit was activated via Coordinate."
Coordinated Aggression (3),EFFECT_36C555,NO,,Aura Special Rules,,,"Pick up to three enemy units within 18"", which friendly units gets AP (1) when shooting against once (next time the effect would apply)."
Corrode Weapons (3),EFFECT_535A09,NO,,Aura Special Rules,,,"Pick up to three enemy units within 18"", which loses AP (1) when shooting once (next time the effect would apply)."
Counter-Attack,EFFECT_D6E5BF,NO,,Weapon,,,Strikes first when charged.
Counter-Attack Aura,AURA_COUNTER-ATTACK,NO,,Aura Special Rules,,,This model and its unit get Counter-Attack .
Courage Aura,MORALE_+1,NO,,Aura Special Rules,,,This model and its unit get +1 to morale test rolls.
Courage Buff,PICK_FRIENDLY_UNIT_BUFF,YES,Targets friendly units (buff spell),Defense,,YES,"Once per activation, before attacking, pick one friendly unit within 12"", which gets +1 to morale test rolls once (next time the effect would apply)."
Crack,ON_6_TO_HIT_AP+2,NO,,Weapon,,,"On unmodified results of 6 to hit, those hits get AP (+2)."
Crackling Bolt (3),ENEMY_DAMAGE_SPELL,YES,Damage spell targeting enemies,Aura Special Rules,,,"Pick one enemy unit within 18"", which takes 3 hit with Blast (3)."
Creator of Illusions (1),EFFECT_FFE0F6,NO,,Aura Special Rules,,,"Pick one enemy unit within 18"", which gets Unwieldy in melee once (next time the effect would apply)."
Crossing Attack,EFFECT_A43FFA,NO,,Weapon,,YES,"Once per activation, when this model moves through enemy units, pick one of them and roll X dice. For each 6+ it takes 1 hit."
Crossing Barrage,EFFECT_F469F4,NO,,Weapon,,YES,"Once per activation, when this model moves through enemy units, pick one of them and roll X dice. For each 4+ it takes 3 hits with AP (1)."
Crossing Strike,ONCE_PER_GAME,YES,Once per game effect,Weapon,YES,,"Once per game, once during its activation when this model moves through enemy units, pick one of them, and roll X dice. For each 4+ it takes 3 hits with AP (1)."
Crush,EFFECT_8E0685,NO,,Weapon,,,"When it's this model's turn to attack in melee, roll X dice. For each 6+ the target takes one hit with AP (2)."
Crushing Force (3),ENEMY_DAMAGE_SPELL,YES,Damage spell targeting enemies,Aura Special Rules,,,"Pick one enemy unit within 12"", which takes 6 hit with AP (2)."
Cursed Stride (1),EFFECT_E7F323,NO,,Aura Special Rules,,,"Pick one enemy unit within 18"", which counts as being in Dangerous Terrain once (next time the effect would apply)."
Cyborg Assault (1),PICK_FRIENDLY_UNIT_BUFF,YES,Targets friendly units (buff spell),Aura Special Rules,,,"Pick one friendly unit within 12"", which gets Hit & Run Shooter once (next time the effect would apply)."
Dangerous Terrain Debuff,EFFECT_34C2DB,NO,,Weapon,,YES,"Once per activation, before attacking, pick one enemy unit within 18"", which must immediately take a Dangerous Terrain test."
Dark Assault (2),PICK_FRIENDLY_UNIT_BUFF,YES,Targets friendly units (buff spell),Aura Special Rules,,,"Pick up to two friendly units within 12"", which get Shred in melee once (next time the effect would apply)."
Dark Dome (3),PICK_FRIENDLY_UNIT_BUFF,YES,Targets friendly units (buff spell),Aura Special Rules,,,"Pick up to three friendly units within 12"", which get Evasive once (next time the effect would apply)."
Dark Sight (1),EFFECT_0F3FBB,NO,,Aura Special Rules,,,"Pick one enemy unit within 18"", which friendly units gets Unstoppable when shooting against once (next time the effect would apply)."
Dark Trauma (1),ENEMY_DAMAGE_SPELL,YES,Damage spell targeting enemies,Aura Special Rules,,,"Pick one enemy unit within 18"", which takes 1 hit with Smash ."
Dark Wound (1),ENEMY_DAMAGE_SPELL,YES,Damage spell targeting enemies,Aura Special Rules,,,"Pick one enemy unit within 12"", which takes 2 hit with Demolish ."
Darkborn,MOVE_+3_ON_CHARGE,NO,,Army-Wide Special Rules,,,"This model gets +3"" range when shooting and moves +3"" when using Charge actions."
Deadly Surge (2),ENEMY_DAMAGE_SPELL,YES,Damage spell targeting enemies,Aura Special Rules,,,"Pick one enemy unit within 6"", which takes 6 hit with Bane ."
Death Bolt (1),ENEMY_DAMAGE_SPELL,YES,Damage spell targeting enemies,Aura Special Rules,,,"Pick one enemy unit within 6"", which takes 1 hit with AP (2) and Impale ."
Deathstrike,EFFECT_1D2FA6,NO,,Defense,,,"If this model is killed in melee, the attacking unit takes X hits."
Deceleration Rune  (3),EFFECT_5FEAB6,NO,,Aura Special Rules,,,"Pick up to three enemy units within 18"", which moves -2"" when using Advance actions and -4"" when using Rush/Charge actions once (next time the effect would apply)."
Decimate,IGNORES_COVER_+_AP+2,NO,,Weapon,,,"Ignores Cover, and against units where most models have Defense 2+ to Defense 3+, this weapon gets AP (+2)."
Deep Hypnosis (2),EFFECT_2E8EEA,NO,,Aura Special Rules,,,"Pick up to two enemy units within 18"", which must take a morale test. If failed you may move it by up to 6"" in a straight line in any direction."
Deep Meditation (3),PICK_FRIENDLY_UNIT_BUFF,YES,Targets friendly units (buff spell),Aura Special Rules,,,"Pick up to three friendly units within 12"", which get +1 to hit rolls when shooting once (next time the effect would apply)."
Defense Debuff,EFFECT_F9AF30,NO,,Weapon,,YES,"Once per activation, before attacking, pick one enemy unit within 18"", which gets -1 to defense rolls once (next time the effect would apply)."
Defensive Growth Aura,AURA_DEFENSIVE_GROWTH,NO,,Aura Special Rules,,,This model and its unit get Defensive Growth .
Delayed Action,EFFECT_C2D362,NO,,Unit,,,"Once per round, if your opponent has more units left to activate than you, then this model's unit may pass its turn instead of activating (may still be activated later)."
Demolish,IGNORES_COVER_+_AP+2,NO,,Weapon,,,"Ignores Cover, and against units where most models have Tough (3) to Tough (9), this weapon gets AP (+2)."
Destructive,ON_6_TO_HIT_AP+4,NO,,Weapon,,,"On unmodified results of 6 to hit, those hits get AP (+4)."
Destructive Frenzy,HIT_+1_ANY,NO,,Unit,,,Place one marker on this unit when it fully destroys an enemy unit. For each marker all models with this rule in this unit get +1 to hit rolls and AP (+1) until the end of the game (up to a max. of +2).
Devastating Frenzy,DEFENSE_+1,NO,,Unit,,,Place one marker on this unit when it fully destroys an enemy unit. For each marker all models with this rule in this unit get AP (+1) and +1 to defense rolls until the end of the game (up to a max. of +2).
Devastating Strike (3),ENEMY_DAMAGE_SPELL,YES,Damage spell targeting enemies,Aura Special Rules,,,"Pick one enemy unit within 12"", which takes 6 hit with Decimate ."
Devout,ON_6_TO_HIT_EXTRA_HIT_ANY,NO,,Army-Wide Special Rules,,,"When attacking, unmodified results of 6 to hit deal 1 extra hit (only the original hit counts as a 6 for special rules)."
Devout Boost,EFFECT_0C6912,NO,,Weapon,,,"If this model has Devout , it deals extra hits on successful unmodified hit results of 5-6 from Devout (instead of only on 6)."
Devout Boost Aura,AURA_DEVOUT_BOOST,NO,,Aura Special Rules,,,This model and its unit get Devout Boost .
Difficult Terrain Debuff,EFFECT_459333,NO,,Movement,,YES,"Once per activation, before attacking, pick one enemy unit within 18"", which counts as being in Difficult Terrain once (next time the effect would apply)."
Disintegrate,IGNORES_REGEN_+_AP+2,NO,,Weapon,,,"Ignores Regeneration, and against units where most models have Defense 2+ to Defense 3+, this weapon gets AP (+2)."
Doom Strike (2),ENEMY_DAMAGE_SPELL,YES,Damage spell targeting enemies,Aura Special Rules,,,"Pick one enemy unit within 6"", which takes 2 hit with AP (2) and Deadly (3)."
Dragon Breath (3),ENEMY_DAMAGE_SPELL,YES,Damage spell targeting enemies,Aura Special Rules,,,"Pick one enemy unit within 12"", which takes 9 hit."
Dread Strike (2),ENEMY_DAMAGE_SPELL,YES,Damage spell targeting enemies,Aura Special Rules,,,"Pick one enemy model within 24"", which takes 2 hit with Tear ."
Elder Protection (1),PICK_FRIENDLY_UNIT_BUFF,YES,Targets friendly units (buff spell),Aura Special Rules,,,"Pick one friendly unit within 12"", which gets Resistance once (next time the effect would apply)."
Electric Tempest (1),ENEMY_DAMAGE_SPELL,YES,Damage spell targeting enemies,Aura Special Rules,,,"Pick one enemy unit within 12"", which takes 2 hit with AP (1) and Fracture . Roll as many dice as hits to see if ""on rolls of 6"" effects trigger."
Elemental Seeker (1),ENEMY_DAMAGE_SPELL,YES,Damage spell targeting enemies,Aura Special Rules,,,"Pick one enemy unit within 18"", which takes 1 hit with Blast (3)."
Enhance Serum (3),PICK_FRIENDLY_UNIT_BUFF,YES,Targets friendly units (buff spell),Aura Special Rules,,,"Pick up to three friendly units within 12"", which get Regeneration once (next time the effect would apply)."
Entrenched Buff,PICK_FRIENDLY_UNIT_BUFF,YES,Targets friendly units (buff spell),Defense,,YES,"Once per activation, before attacking, pick one friendly unit within 12"", which gets Entrenched once (next time the effect would apply)."
Eternal Flame (2),ENEMY_DAMAGE_SPELL,YES,Damage spell targeting enemies,Aura Special Rules,,,"Pick one enemy unit within 6"", which takes 6 hit with Purge ."
Eternal Guidance (3),EFFECT_D82F27,NO,,Aura Special Rules,,,"Pick up to three enemy units within 18"", which friendly units get +6"" range when shooting against once (next time the effect would apply)."
Evasive,HIT_-1,NO,,Defense,,,Enemies get -1 to hit rolls when attacking units where all models have this rule.
Evasive Aura,AURA_EVASIVE,NO,,Aura Special Rules,,,This model and its unit get Evasive .
Expel Threat (3),ENEMY_DAMAGE_SPELL,YES,Damage spell targeting enemies,Aura Special Rules,,,"Pick one enemy model within 18"", which takes 6 hit with AP (1)."
Extended Buff Range,EFFECT_3BC96F,NO,,Unit,,,"If this unit is within 24"" of another friendly unit with this rule that has a Hero in it, then that Hero may use special rules that allow it to pick friendly units within 12"" (except for spells) on this unit as if it was in range."
Fade in the Dark (3),PICK_FRIENDLY_UNIT_BUFF,YES,Targets friendly units (buff spell),Aura Special Rules,,,"Pick up to three friendly units within 12"", which get Stealth once (next time the effect would apply)."
Fanatic,EFFECT_75C212,NO,,Army-Wide Special Rules,,,"After this model is deployed, it may be placed anywhere fully within 9"" of its position."
Fast Aura,MOVE_+2_ON_ADVANCE,NO,,Aura Special Rules,,,"This model and its unit moves +2"" when using Advance actions and +4"" when using Rush/Charge actions."
Fatal Sorrow (3),ENEMY_DAMAGE_SPELL,YES,Damage spell targeting enemies,Aura Special Rules,,,"Pick one enemy unit within 18"", which takes 6 hit."
Fateful Guidance (2),PICK_FRIENDLY_UNIT_BUFF,YES,Targets friendly units (buff spell),Aura Special Rules,,,"Pick up to two friendly units within 12"", which get Furious once (next time the effect would apply)."
Fatigue Debuff,EFFECT_65DDAC,NO,,Defense,,YES,"Once per activation, before attacking, pick one enemy unit within 18"", which must take a morale test. If failed, it becomes fatigued."
Fearless Aura,AURA_FEARLESS,NO,,Aura Special Rules,,,This model and its unit get Fearless .
Feral Strike (3),ENEMY_DAMAGE_SPELL,YES,Damage spell targeting enemies,Aura Special Rules,,,"Pick one enemy unit within 6"", which takes 3 hit with AP (2) and Deadly (3)."
Ferocious,ON_6_TO_HIT_EXTRA_HIT_ANY,NO,,Army-Wide Special Rules,,,"When attacking, unmodified results of 6 to hit deal 1 extra hit (only the original hit counts as a 6 for special rules)."
Ferocious Boost,EFFECT_05A2EB,NO,,Weapon,,,"If this model has Ferocious , it deals extra hits on successful unmodified hit results of 5-6 from Ferocious (instead of only on 6)."
Ferocious Boost Aura,AURA_FEROCIOUS_BOOST,NO,,Aura Special Rules,,,This model and its unit get Ferocious Boost .
Fiery Protection (2),PICK_FRIENDLY_UNIT_BUFF,YES,Targets friendly units (buff spell),Aura Special Rules,,,"Pick up to two friendly units within 12"", which get Melee Evasion once (next time the effect would apply)."
Flame Bots (2),ENEMY_DAMAGE_SPELL,YES,Damage spell targeting enemies,Aura Special Rules,,,"Pick up to two enemy units within 9"", which take 4 hits each."
Flame of Destruction (1),ENEMY_DAMAGE_SPELL,YES,Damage spell targeting enemies,Aura Special Rules,,,"Pick one enemy unit within 18"", which takes 1 hit with Blast (3)."
Focused Defender (2),PICK_FRIENDLY_UNIT_BUFF,YES,Targets friendly units (buff spell),Aura Special Rules,,,"Pick up to two friendly units within 12"", which get Unpredictable Fighter once (next time the effect would apply)."
Focused Shock (1),ENEMY_DAMAGE_SPELL,YES,Damage spell targeting enemies,Aura Special Rules,,,"Pick one enemy unit within 12"", which takes 2 hit with AP (1) and Shred ."
Fortified,EFFECT_EEAC97,NO,,Defense,,,"When units where all models have this rule take hits, those hits count as having AP (-1), to a min. of AP (0)."
Fortified Aura,AURA_FORTIFIED,NO,,Aura Special Rules,,,This model and its unit get Fortified .
Fortified Growth,EFFECT_94DBC3,NO,,,,,"Place one marker on this unit at the beginning of each round, starting on the round after which it deployed (counting start of game deployment as deploying on the first round). If all models in it have this rule, for each marker enemies attacking them get AP (-1) to a min. of AP (0) (up to a max. of"
Fracture,ON_6_TO_HIT_AP+2,NO,,Weapon,,,"Ignores Cover, and on unmodified results of 6 to hit, those hits get AP (+2)."
Fragment,IGNORES_COVER,NO,,Weapon,,,"Ignores Cover, and against units where most models have Defense 2+ to Defense 4+, this weapon gets AP (+1)."
Furious Aura,AURA_FURIOUS,NO,,Aura Special Rules,,,This model and its unit get Furious .
Furious Mark,EFFECT_995A40,NO,,Weapon,,YES,"Once per activation, before attacking, pick one enemy unit within 18"", which friendly units gets Furious against once (next time the effect would apply)."
Gauss Bots (3),ENEMY_DAMAGE_SPELL,YES,Damage spell targeting enemies,Aura Special Rules,,,"Pick one enemy unit within 6"", which takes 9 hit with Destructive . Roll as many dice as hits to see if ""on rolls of 6"" effects trigger."
Godly Thunder (2),ENEMY_DAMAGE_SPELL,YES,Damage spell targeting enemies,Aura Special Rules,,,"Pick one enemy model within 24"", which takes 2 hit with AP (4)."
Good Shot,HIT_+1_SHOOTING,NO,,Weapon,,,This model gets +1 to hit rolls when shooting.
Grounded Precision Aura,AURA_GROUNDED_PRECISION,NO,,Aura Special Rules,,,This model and its unit get Grounded Precision .
Grounded Reinforcement Aura,AURA_GROUNDED_REINFORCEMENT,NO,,Aura Special Rules,,,This model and its unit get Grounded Reinforcement .
Grounded Stealth,HIT_-1,NO,,Defense,,,"If a unit where all models have this rule has most of them within 1"" of terrain, enemies get -1 to hit rolls when attacking them."
Guarded Buff,PICK_FRIENDLY_UNIT_BUFF,YES,Targets friendly units (buff spell),Defense,,YES,"Once per activation, before attacking, pick one friendly unit within 12"", which gets Guarded once (next time the effect would apply)."
Guardian,EFFECT_8C75A8,NO,,Army-Wide Special Rules,,,"When units where all models have this rule are shot or charged from over 9"" away and take hits, those hits count as having AP (-1), to a min. of AP (0)."
Guardian Boost,EFFECT_059906,NO,,Defense,,,"If all models in this unit have Guardian , enemy hits always count as having AP (-1) from Guardian (instead of only when being shot/charged from over 9"" away)."
Guardian Boost Aura,AURA_GUARDIAN_BOOST,NO,,Aura Special Rules,,,This model and its unit get Guardian Boost .
Guardian Protection (3),PICK_FRIENDLY_UNIT_BUFF,YES,Targets friendly units (buff spell),Aura Special Rules,,,"Pick up to three friendly units within 12"", which get Guardian Boost once (next time the effect would apply)."
Guerrilla,EFFECT_76375A,NO,,Movement,,,"Once per round, units where all models have this rule may move by up to 3"" after shooting or being in melee."
Guerrilla Boost Aura,AURA_GUERRILLA_BOOST,NO,,Aura Special Rules,,,This model and its unit get Guerrilla Boost .
Harassing,EFFECT_76375A,NO,,Movement,,,"Once per round, units where all models have this rule may move by up to 3"" after shooting or being in melee."
Harassing Boost Aura,AURA_HARASSING_BOOST,NO,,Aura Special Rules,,,This model and its unit get Harassing Boost .
Havoc Boon (3),PICK_FRIENDLY_UNIT_BUFF,YES,Targets friendly units (buff spell),Aura Special Rules,,,"Pick up to three friendly units within 12"", which get Havocbound Boost once (next time the effect would apply)."
Havoc Fog (3),ENEMY_DAMAGE_SPELL,YES,Damage spell targeting enemies,Aura Special Rules,,,"Pick one enemy unit within 12"", which takes 6 hit with AP (1) and Slam ."
Havoc Terror (2),ENEMY_DAMAGE_SPELL,YES,Damage spell targeting enemies,Aura Special Rules,,,"Pick up to two enemy units within 9"", which take 4 hits each."
Havoc Trauma (1),ENEMY_DAMAGE_SPELL,YES,Damage spell targeting enemies,Aura Special Rules,,,"Pick one enemy unit within 12"", which takes 2 hit with AP (2)."
Havocbound,EFFECT_F5CDA1,NO,,Army-Wide Special Rules,,,"When this model shoots at enemies over 9"" away, or when it charges, its weapons get AP (+1)."
Havocbound Boost Aura,AURA_HAVOCBOUND_BOOST,NO,,Aura Special Rules,,,This model and its unit get Havocbound Boost .
Hazardous,EFFECT_5AD200,NO,,Weapon,,,"Gets AP (4), but this model's unit takes one wound on unmodified rolls of 1 to hit."
Head Bang (3),EFFECT_414B53,NO,,Aura Special Rules,,,"Pick up to three enemy units within 18"", which friendly units gets Rending in melee against once (next time the effect would apply)."
Headtaker Strike (3),ENEMY_DAMAGE_SPELL,YES,Damage spell targeting enemies,Aura Special Rules,,,"Pick up to two enemy units within 12"", which take 3 hits with AP (2) each."
Heavenly Lance (2),ENEMY_DAMAGE_SPELL,YES,Damage spell targeting enemies,Aura Special Rules,,,"Pick one enemy model within 18"", which takes 4 hit with AP (1)."
Heavy Impact,EFFECT_1E5E96,NO,,Special Rules,,,This model's Impact hits get AP (1).
Hidden Spirits (2),PICK_FRIENDLY_UNIT_BUFF,YES,Targets friendly units (buff spell),Aura Special Rules,,,"Pick up to two friendly units within 12"", which get Unpredictable Shooter once (next time the effect would apply)."
Highborn,MOVE_+2_ON_ADVANCE,NO,,Army-Wide Special Rules,,,"Moves +2"" when using Advance, and +2"" when using Rush/Charge."
Highborn Boost Aura,AURA_HIGHBORN_BOOST,NO,,Aura Special Rules,,,This model and its unit get Highborn Boost .
Hit & Run,EFFECT_76375A,NO,,Movement,,,"Once per round, units where all models have this rule may move by up to 3"" after shooting or being in melee."
Hit & Run Fighter,EFFECT_7E5408,NO,,Movement,,,"Once per round, units where all models have this rule may move by up to 3"" after being in melee."
Hit & Run Fighter Aura,AURA_HIT_&_RUN_FIGHTER,NO,,Aura Special Rules,,,This model and its unit get Hit & Run Fighter .
Hit & Run Shooter,EFFECT_1C4525,NO,,Movement,,,"Once per round, units where all models have this rule may move by up to 3"" after shooting."
Hit & Run Shooter Aura,AURA_HIT_&_RUN_SHOOTER,NO,,Aura Special Rules,,,This model and its unit get Hit & Run Shooter .
Hive Bond,MORALE_+1,NO,,Army-Wide Special Rules,,,Units where all models have this rule get +1 to morale test rolls.
Hive Bond Boost Aura,AURA_HIVE_BOND_BOOST,NO,,Aura Special Rules,,,This model and its unit get Hive Bond Boost .
Hive Shriek (3),ENEMY_DAMAGE_SPELL,YES,Damage spell targeting enemies,Aura Special Rules,,,"Pick one enemy model within 18"", which takes 6 hit with AP (1)."
Hold the Line,MORALE_+1,NO,,Army-Wide Special Rules,,,Units where all models have this rule get +1 to morale test rolls.
Hold the Line Boost Aura,AURA_HOLD_THE_LINE_BOOST,NO,,Aura Special Rules,,,This model and its unit get Hold the Line Boost .
Holistic Suffering (3),ENEMY_DAMAGE_SPELL,YES,Damage spell targeting enemies,Aura Special Rules,,,"Pick one enemy unit within 12"", which takes 9 hit."
Holy Rage (2),PICK_FRIENDLY_UNIT_BUFF,YES,Targets friendly units (buff spell),Aura Special Rules,,,"Pick up to two friendly units within 12"", which get Piercing Hunter once (next time the effect would apply)."
Honor Code,RECOVER_FROM_SHAKEN_ON_4+,NO,,Defense,,,"If a unit where all models have this rule is Shaken at the beginning of the round, roll one die. On a 4+, it stops being Shaken."
Ignores Cover Aura,IGNORES_COVER,NO,,Aura Special Rules,,,This model and its unit get Ignores Cover when shooting.
Ignores Cover when Shooting Aura,IGNORES_COVER,NO,,Aura Special Rules,,,This model and its unit get Ignores Cover when shooting.
Impale,EFFECT_C8E3DF,NO,,Weapon,,,"Against units where most models have Tough (3) to Tough (9), this weapon gets Deadly (+3)."
Increased Shooting Range,EFFECT_835605,NO,,Weapon,,,"This model gets +6"" range when shooting."
Increased Shooting Range Aura,"AURA_PLUS6""_RANGE_WHEN_SHOOTING",NO,,Aura Special Rules,,,"This model and its unit get +6"" range when shooting."
Increased Shooting Range Buff,PICK_FRIENDLY_UNIT_BUFF,YES,Targets friendly units (buff spell),Weapon,,YES,"Once per activation, before attacking, pick one friendly unit within 12"", which gets +6"" range when shooting once (next time the effect would apply)."
Increased Shooting Range Mark,EFFECT_05DC94,NO,,Weapon,,YES,"Once per activation, before attacking, pick one enemy unit within 18"", which friendly units get +6"" range when shooting against once (next time the effect would apply)."
Indirect Mark,EFFECT_7823A4,NO,,Weapon,,YES,"Once per activation, before attacking, pick one enemy unit within 18"", which friendly units gets Indirect against once (next time the effect would apply)."
Indirect when Shooting Aura,AURA_INDIRECT_WHEN_SHOOTING,NO,,Aura Special Rules,,,This model and its unit get Indirect when shooting.
Infected,EFFECT_9FF7CC,NO,,Weapon,,,Enemies that roll to block hits from this model's weapons take 1 extra wound for each unmodified result of 1 that they roll.
Infected Boost Aura,AURA_INFECTED_BOOST,NO,,Aura Special Rules,,,This model and its unit get Infected Boost .
Infiltrate,EFFECT_16659D,NO,,Movement,,,"Counts as having Ambush, but may be deployed up to 1"" away from enemy units."
Infiltrate Aura,AURA_INFILTRATE,NO,,Aura Special Rules,,,This model and its unit get Infiltrate .
Infuse Bloodthirst (2),PICK_FRIENDLY_UNIT_BUFF,YES,Targets friendly units (buff spell),Aura Special Rules,,,"Pick up to two friendly units within 12"", which get Hive Bond Boost once (next time the effect would apply)."
Inquisitorial Agent,ONCE_PER_GAME,YES,Once per game effect,,YES,,"Once per game, if all models in this unit have this rule, it may be activated even if it had already activated this round (stops being fatigued when activated for the second time). Only up to half of the units in the army with this rule at the beginning of the game (rounding up) may use it in a sing"
Insidious Protection (1),PICK_FRIENDLY_UNIT_BUFF,YES,Targets friendly units (buff spell),Aura Special Rules,,,"Pick one friendly unit within 12"", which gets Grounded Reinforcement once (next time the effect would apply)."
Inspiring Bots (2),PICK_FRIENDLY_UNIT_BUFF,YES,Targets friendly units (buff spell),Aura Special Rules,,,"Pick up to two friendly units within 12"", which get Rapid Advance once (next time the effect would apply)."
Instinctive,HIT_+1_ANY,NO,,Weapon,,,"When this model is activated, if it is able to shoot/charge an enemy unit, then it must immediately attack the closest valid target and gets +1 to hit rolls for that attack."
Jaguar Blaze (3),ENEMY_DAMAGE_SPELL,YES,Damage spell targeting enemies,Aura Special Rules,,,"Pick one enemy unit within 12"", which takes 6 hit with AP (1) and Shred ."
Killing Blow (1),ENEMY_DAMAGE_SPELL,YES,Damage spell targeting enemies,Aura Special Rules,,,"Pick one enemy model within 18"", which takes 2 hit with AP (1)."
Knight Dome (3),PICK_FRIENDLY_UNIT_BUFF,YES,Targets friendly units (buff spell),Aura Special Rules,,,"Pick up to three friendly units within 12"", which get Evasive once (next time the effect would apply)."
Knight Sight (1),EFFECT_0F3FBB,NO,,Aura Special Rules,,,"Pick one enemy unit within 18"", which friendly units gets Unstoppable when shooting against once (next time the effect would apply)."
Knight Trauma (1),ENEMY_DAMAGE_SPELL,YES,Damage spell targeting enemies,Aura Special Rules,,,"Pick one enemy unit within 18"", which takes 1 hit with Smash ."
Knight Wound (1),ENEMY_DAMAGE_SPELL,YES,Damage spell targeting enemies,Aura Special Rules,,,"Pick one enemy unit within 12"", which takes 2 hit with Demolish ."
Knightborn,IGNORE_WOUND_ON_6+,NO,,Army-Wide Special Rules,,,"When a unit where all models have this rule takes wounds, roll one die for each. On a 6+ it is ignored. If the wounds were from a spell, then they are ignored on a 4+ instead."
Lacerate,EFFECT_423FD4,NO,,Weapon,,,When attacking the target must re-roll unmodified Defense results of 6.
Light Fragments (2),ENEMY_DAMAGE_SPELL,YES,Damage spell targeting enemies,Aura Special Rules,,,"Pick one enemy unit within 12"", which takes 4 hit with AP (1) and Fragment ."
Lightning Fog (2),ENEMY_DAMAGE_SPELL,YES,Damage spell targeting enemies,Aura Special Rules,,,"Pick up to two enemy units within 9"", which take 4 hits each."
Litanies of War (3),PICK_FRIENDLY_UNIT_BUFF,YES,Targets friendly units (buff spell),Aura Special Rules,,,"Pick up to three friendly units within 12"", which get Devout Boost once (next time the effect would apply)."
Lust Boon (3),PICK_FRIENDLY_UNIT_BUFF,YES,Targets friendly units (buff spell),Aura Special Rules,,,"Pick up to three friendly units within 12"", which get Lustbound Boost once (next time the effect would apply)."
Lustbound,MOVE_+1_ON_ADVANCE,NO,,Army-Wide Special Rules,,,"Moves +1"" when using Advance, and +3"" when using Rush/Charge."
Lustbound Boost,MOVE_+1_ADV_+2_RUSH_CHARGE,NO,,Movement,,,"If this model has Lustbound , it moves +2"" on Advance and +6"" on Rush/Charge from Lustbound (instead of only +1"" and +3"")."
Lustbound Boost Aura,AURA_LUSTBOUND_BOOST,NO,,Aura Special Rules,,,This model and its unit get Lustbound Boost .
Machine-Fog,HIT_-1,NO,,Defense,,,"When units where all models have this rule are shot or charged from over 9"" away, enemy units get -1 to hit rolls."
Machine-Fog Boost Aura,AURA_MACHINE-FOG_BOOST,NO,,Aura Special Rules,,,This model and its unit get Machine-Fog Boost .
Martial Prowess,ONCE_PER_GAME,YES,Once per game effect,,YES,,"Once per game, if all models in this unit have this rule, it may be activated even if it had already activated this round (stops being fatigued when activated for the second time). Only up to half of the units in the army with this rule at the beginning of the game (rounding up) may use it in a sing"
Melee Evasion,HIT_-1,NO,,Defense,,,Enemies get -1 to hit rolls in melee when attacking units where all models have this rule.
Melee Evasion Aura,AURA_MELEE_EVASION,NO,,Aura Special Rules,,,This model and its unit get Melee Evasion .
Melee Shrouding,EFFECT_908340,NO,,Defense,,,"Enemies get -3"" movement when trying to charge units where all models have this rule."
Melee Shrouding Aura,AURA_MELEE_SHROUDING,NO,,Aura Special Rules,,,This model and its unit get Melee Shrouding .
Melee Slayer,EFFECT_6BC7B7,NO,,Weapon,,,This model's melee weapons get AP (+2) against units where most models have Tough (3) or higher.
Melee Slayer Aura,AURA_MELEE_SLAYER,NO,,Aura Special Rules,,,This model and its unit get Melee Slayer .
Mend,EFFECT_EB88A3,NO,,Defense,,YES,"Once per activation, pick one friendly model within 3"" with Tough, and remove D3 wounds from it."
Mending Bots (3),PICK_FRIENDLY_UNIT_BUFF,YES,Targets friendly units (buff spell),Aura Special Rules,,,"Pick up to three friendly units within 12"", which get Self-Repair Boost once (next time the effect would apply)."
Mind Breaker (1),ENEMY_DAMAGE_SPELL,YES,Damage spell targeting enemies,Aura Special Rules,,,"Pick one enemy unit within 12"", which takes 2 hit with AP (1) and Surge . Roll as many dice as hits to see if ""on rolls of 6"" effects trigger."
Mind Control,EFFECT_185E16,NO,,Movement,,YES,"Once per activation, before attacking, pick one enemy unit within 18"", which must take a morale test. If failed you may move it by up to 6"" in a straight line in any direction."
Mind Corruption (1),ENEMY_DAMAGE_SPELL,YES,Damage spell targeting enemies,Aura Special Rules,,,"Pick one enemy unit within 12"", which takes 2 hit with AP (1) and Surge . Roll as many dice as hits to see if ""on rolls of 6"" effects trigger."
Mind Gash (3),ENEMY_DAMAGE_SPELL,YES,Damage spell targeting enemies,Aura Special Rules,,,"Pick one enemy unit within 12"", which takes 6 hit with AP (1) and Shred ."
Mind Shaper (2),EFFECT_8FA077,NO,,Aura Special Rules,,,"Pick up to two enemy units within 18"", which get -1 to morale test rolls once (next time the effect would apply)."
Mind Vortex (2),ENEMY_DAMAGE_SPELL,YES,Damage spell targeting enemies,Aura Special Rules,,,"Pick up to two enemy units within 12"", which take 2 hits with AP (2) each."
Mind Wound (1),ENEMY_DAMAGE_SPELL,YES,Damage spell targeting enemies,Aura Special Rules,,,"Pick one enemy unit within 12"", which takes 2 hit with Demolish ."
Mischievous,EFFECT_A6BC0C,NO,,Army-Wide Special Rules,,,"When attacking, targets must re-roll unmodified Defense results of 6 when blocking hits from this model's weapons."
Mischievous Boost Aura,AURA_MISCHIEVOUS_BOOST,NO,,Aura Special Rules,,,This model and its unit get Mischievous Boost .
Mob Frenzy (2),EFFECT_6D0ADE,NO,,Aura Special Rules,,,"Pick up to two enemy units within 18"", which friendly units gets AP (1) when shooting against once (next time the effect would apply)."
Mobile Artillery,HIT_+1_ANY,NO,,Defense,,,"When this model uses a Hold action and shoots at enemies over 9"" away, it gets +1 to hit rolls. As long this model hasn't moved during the round, when enemy units shoot at it from over 9"" away, they get -2 to hit rolls."
Morale Debuff,EFFECT_FFCE3F,NO,,Defense,,YES,"Once per activation, before attacking, pick one enemy unit within 18"", which gets -1 to morale test rolls once (next time the effect would apply)."
Mutating Inferno (2),ENEMY_DAMAGE_SPELL,YES,Damage spell targeting enemies,Aura Special Rules,,,"Pick up to two enemy units within 9"", which take 4 hits each."
No Retreat,EFFECT_39C1B6,NO,,,,,"When a unit where most models have this rule fails a morale test that causes it to be Shaken or Routed, the test counts as passed instead. Then, roll as many dice as the number of wounds it would take to fully destroy it, and for each result of 1-3 the unit takes one wound, which can't be ignored."
No Retreat Aura,AURA_NO_RETREAT,NO,,Aura Special Rules,,,This model and its unit get No Retreat .
No Retreat Buff,PICK_FRIENDLY_UNIT_BUFF,YES,Targets friendly units (buff spell),Defense,,YES,"Once per activation, before attacking, pick one friendly unit within 12"", which gets No Retreat once (next time the effect would apply)."
Overpowering Lash (3),ENEMY_DAMAGE_SPELL,YES,Damage spell targeting enemies,Aura Special Rules,,,"Pick one enemy unit within 12"", which takes 6 hit with AP (1) and Shred ."
Overwhelming Strike (1),ENEMY_DAMAGE_SPELL,YES,Damage spell targeting enemies,Aura Special Rules,,,"Pick one enemy unit within 12"", which takes 2 hit with AP (1) and Rupture . Roll as many dice as hits to see if ""on rolls of 6"" effects trigger."
Path of War (2),PICK_FRIENDLY_UNIT_BUFF,YES,Targets friendly units (buff spell),Aura Special Rules,,,"Pick up to two friendly units within 12"", which get Ferocious Boost once (next time the effect would apply)."
Piercing Assault,EFFECT_BBA395,NO,,Weapon,,,This model gets AP (+1) when charging.
Piercing Assault Aura,AURA_PIERCING_ASSAULT,NO,,Aura Special Rules,,,This model and its unit get Piercing Assault .
Piercing Bots (1),ENEMY_DAMAGE_SPELL,YES,Damage spell targeting enemies,Aura Special Rules,,,"Pick one enemy unit within 12"", which takes 2 hit with AP (2)."
Piercing Fighter Aura,AURA_AP_(PLUS1)_IN_MELEE,NO,,Aura Special Rules,,,This model and its unit get AP (+1) in melee.
Piercing Growth,EFFECT_9DF239,NO,,,,,"Place one marker on this unit at the beginning of each round, starting on the round after which it deployed (counting start of game deployment as deploying on the first round). For each marker models with this rule in it get AP (+1) (up to a max. of +2). If this unit is ever Shaken, it loses all its"
Piercing Hunter Aura,AURA_PIERCING_HUNTER,NO,,Aura Special Rules,,,This model and its unit get Piercing Hunter .
Piercing Pulse (3),ENEMY_DAMAGE_SPELL,YES,Damage spell targeting enemies,Aura Special Rules,,,"Pick one enemy model within 24"", which takes 3 hit with AP (4)."
Piercing Shooter Aura,AURA_AP_(PLUS1)_WHEN_SHOOTING,NO,,Aura Special Rules,,,This model and its unit get AP (+1) when shooting.
Piercing Shooting Debuff,EFFECT_90FE94,NO,,Defense,,YES,"Once per activation, before attacking, pick one enemy unit within 18"", which loses AP (+1) when shooting once (next time the effect would apply)."
Piercing Shooting Mark,EFFECT_53A0D5,NO,,Weapon,,YES,"Once per activation, before attacking, pick one enemy unit within 18"", which friendly units gets AP (+1) when shooting against once (next time the effect would apply)."
Piercing Spotter,EFFECT_75D8D3,NO,,,,YES,"Once per activation, pick one enemy unit within 36"" and in line of sight of this model and roll one die, on a 4+ place a marker on it. When attacking, friendly units may remove markers from their target before rolling to block to get + AP (X), where X is the number of removed markers."
Piercing Tag,ONCE_PER_GAME,YES,Once per game effect,,YES,,"Once per game, during this model's activation, pick one enemy unit within 36"" and in line of sight of it, and place X markers on it. When attacking, friendly units may remove markers from their target before rolling to block to get + AP (Y), where Y is the number of removed markers."
Piercing Target,ONCE_PER_GAME,YES,Once per game effect,Weapon,YES,,"Once per game, during this model's activation, pick one enemy unit within 36"" and in line of sight of it, and place X markers on it. Friendly units get + AP (X) when attacking it."
Piranha Curse (2),ENEMY_DAMAGE_SPELL,YES,Damage spell targeting enemies,Aura Special Rules,,,"Pick up to two enemy units within 9"", which take 4 hits each."
Plague Boon (3),PICK_FRIENDLY_UNIT_BUFF,YES,Targets friendly units (buff spell),Aura Special Rules,,,"Pick up to three friendly units within 12"", which get Plaguebound Boost once (next time the effect would apply)."
Plague Malediction (2),ENEMY_DAMAGE_SPELL,YES,Damage spell targeting enemies,Aura Special Rules,,,"Pick one enemy model within 24"", which takes 2 hit with AP (4)."
Plaguebound,IGNORE_WOUND_ON_6+,NO,,Defense,,,"When a unit where all models have this rule takes wounds, roll one die for each. On a 6+ it is ignored."
Plaguebound Boost,EFFECT_29FA2A,NO,,Defense,,,"If all models in this unit have Plaguebound , they ignore wounds on rolls of 5-6 from Plaguebound (instead of only on 6+)."
Plaguebound Boost Aura,AURA_PLAGUEBOUND_BOOST,NO,,Aura Special Rules,,,This model and its unit get Plaguebound Boost .
Point-Blank Piercing Aura,AURA_POINT-BLANK_PIERCING,NO,,Aura Special Rules,,,This model and its unit get Point-Blank Piercing .
Point-Blank Surge,ON_6_TO_HIT_EXTRA_HIT_ANY,NO,,Weapon,,,"When this model shoots at enemies within 12"", unmodified results of 6 to hit deal 1 extra hit (only the original hit counts as a 6 for special rules)."
Pow! (3),ENEMY_DAMAGE_SPELL,YES,Damage spell targeting enemies,Aura Special Rules,,,"Pick one enemy unit within 6"", which takes 3 hit with AP (2) and Skewer ."
Power Beam (1),ENEMY_DAMAGE_SPELL,YES,Damage spell targeting enemies,Aura Special Rules,,,"Pick one enemy model within 18"", which takes 2 hit with AP (1)."
Power Bolt (3),ENEMY_DAMAGE_SPELL,YES,Damage spell targeting enemies,Aura Special Rules,,,"Pick one enemy unit within 12"", which takes 6 hit with AP (2)."
Power Field (3),PICK_FRIENDLY_UNIT_BUFF,YES,Targets friendly units (buff spell),Aura Special Rules,,,"Pick up to three friendly units within 12"", which get Shielded once (next time the effect would apply)."
Power Maw (1),ENEMY_DAMAGE_SPELL,YES,Damage spell targeting enemies,Aura Special Rules,,,"Pick up to two enemy units within 12"", which take 1 hits with AP (2) each."
Power Surge (3),ENEMY_DAMAGE_SPELL,YES,Damage spell targeting enemies,Aura Special Rules,,,"Pick one enemy model within 12"", which takes 6 hit with Hazardous . Roll as many dice as hits to see if ""on rolls of 1"" effects trigger."
Precise,HIT_+1_ANY,NO,,Weapon,,,Gets +1 to hit when attacking.
Precision Attacks Buff,PICK_FRIENDLY_UNIT_BUFF,YES,Targets friendly units (buff spell),Weapon,,YES,"Once per activation, before attacking, pick one friendly unit within 12"", which gets +1 to hit rolls when attacking once (next time the effect would apply)."
Precision Charge Aura,HIT_+1_ANY,NO,,Aura Special Rules,,,This model and its unit get +1 to hit rolls when charging.
Precision Debuff,HIT_-1,NO,,Defense,,YES,"Once per activation, before attacking, pick one enemy unit within 18"", which gets -1 to hit rolls when attacking once (next time the effect would apply)."
Precision Fighter Aura,HIT_+1_MELEE,NO,,Aura Special Rules,,,This model and its unit get +1 to hit rolls in melee.
Precision Fighter Buff,PICK_FRIENDLY_UNIT_BUFF,YES,Targets friendly units (buff spell),Weapon,,YES,"Once per activation, before attacking, pick one friendly unit within 12"", which gets +1 to hit rolls in melee once (next time the effect would apply)."
Precision Fighting Mark,HIT_+1_MELEE,NO,,Weapon,,YES,"Once per activation, before attacking, pick one enemy unit within 18"", which friendly units get +1 to hit rolls in melee against once (next time the effect would apply)."
Precision Growth,HIT_+1_ANY,NO,,,,,"Place one marker on this unit at the beginning of each round, starting on the round after which it deployed (counting start of game deployment as deploying on the first round). For each marker models with this rule in it get +1 to hit rolls (up to a max. of +2). If this unit is ever Shaken, it loses"
Precision Shooter Aura,HIT_+1_SHOOTING,NO,,Aura Special Rules,,,This model and its unit get +1 to hit rolls when shooting.
Precision Shooter Buff,PICK_FRIENDLY_UNIT_BUFF,YES,Targets friendly units (buff spell),Weapon,,YES,"Once per activation, before attacking, pick one friendly unit within 12"", which gets +1 to hit rolls when shooting once (next time the effect would apply)."
Precision Shooting Mark,HIT_+1_SHOOTING,NO,,Weapon,,YES,"Once per activation, before attacking, pick one enemy unit within 18"", which friendly units get +1 to hit rolls when shooting against once (next time the effect would apply)."
Precision Spotter,EFFECT_294F91,NO,,,,YES,"Once per activation, pick one enemy unit within 36"" and in line of sight of this model and roll one die, on a 4+ place a marker on it. Friendly units may remove markers from their target before rolling to hit to get +X to hit rolls when attacking, where X is the number of removed markers."
Precision Tag,ONCE_PER_GAME,YES,Once per game effect,,YES,,"Once per game, during this model's activation, pick one enemy unit within 36"" and in line of sight of it, and place X markers on it. When attacking, friendly units may remove markers from their target before rolling to hit to get +Y to hit rolls, where Y is the number of removed markers."
Precision Target,ONCE_PER_GAME,YES,Once per game effect,Weapon,YES,,"Once per game, during this model's activation, pick one enemy unit within 36"" and in line of sight of it, and place X markers on it. Friendly units get +X to hit rolls when attacking it."
Predator Fighter,ON_6_TO_HIT_+1_ATTACK_MELEE,NO,,Special Rules,,,"For each unmodified roll of 6 to hit in melee, this model may roll +1 attack with that weapon. This rule doesn't apply to newly generated attacks."
Primal,ON_6_TO_HIT_+1_ATTACK_ANY,NO,,Army-Wide Special Rules,,,"For each unmodified roll of 6 to hit when attacking, this model may roll +1 attack with that weapon. This rule doesn't apply to newly generated attacks."
Primal Boost Buff,PICK_FRIENDLY_UNIT_BUFF,YES,Targets friendly units (buff spell),Weapon,,YES,"Once per activation, before attacking, pick one friendly unit within 12"", which gets Primal Boost once (next time the effect would apply)."
Protected,IGNORE_WOUND_ON_6+,NO,,Defense,,,"When a unit where all models have this rule takes wounds, roll one die for each. On a 6+ it is ignored."
Protection Feat,ONCE_PER_GAME,YES,Once per game effect,Defense,YES,,"Once per game, when this unit takes wounds and all its models have this rule, you may use this rule and roll one die per wound, and on a 4+ it is ignored."
Protective Dome (3),PICK_FRIENDLY_UNIT_BUFF,YES,Targets friendly units (buff spell),Aura Special Rules,,,"Pick up to three friendly units within 12"", which get Evasive once (next time the effect would apply)."
Psy-Adrenaline (1),PICK_FRIENDLY_UNIT_BUFF,YES,Targets friendly units (buff spell),Aura Special Rules,,,"Pick one friendly unit within 12"", which gets Harassing Boost once (next time the effect would apply)."
Psy-Destruction (2),ENEMY_DAMAGE_SPELL,YES,Damage spell targeting enemies,Aura Special Rules,,,"Pick one enemy model within 24"", which takes 2 hit with AP (4)."
Psy-Hunter (1),PICK_FRIENDLY_UNIT_BUFF,YES,Targets friendly units (buff spell),Aura Special Rules,,,"Pick one friendly unit within 12"", which gets Scrapper Boost once (next time the effect would apply)."
Psy-Injected Courage (1),PICK_FRIENDLY_UNIT_BUFF,YES,Targets friendly units (buff spell),Aura Special Rules,,,"Pick one friendly unit within 12"", which gets Hold the Line Boost once (next time the effect would apply)."
Psychic Blast (2),ENEMY_DAMAGE_SPELL,YES,Damage spell targeting enemies,Aura Special Rules,,,"Pick one enemy unit within 12"", which takes 4 hit with AP (2)."
Psychic Onslaught (2),ENEMY_DAMAGE_SPELL,YES,Damage spell targeting enemies,Aura Special Rules,,,"Pick one enemy unit within 12"", which takes 4 hit with Reap ."
Psychic Stabilization (2),PICK_FRIENDLY_UNIT_BUFF,YES,Targets friendly units (buff spell),Aura Special Rules,,,"Pick up to two friendly units within 12"", which get Targeting Visor Boost once (next time the effect would apply)."
Psychic Terror (3),ENEMY_DAMAGE_SPELL,YES,Damage spell targeting enemies,Aura Special Rules,,,"Pick one enemy unit within 6"", which takes 9 hit with Bane ."
Psychic Vomit (2),ENEMY_DAMAGE_SPELL,YES,Damage spell targeting enemies,Aura Special Rules,,,"Pick one enemy unit within 6"", which takes 6 hit with Bane ."
Puncture,IGNORES_REGENERATION,NO,,Weapon,,,"Ignores Regeneration, and against units where most models have Tough (3) to Tough (9), this weapon gets AP (+4)."
Purge,IGNORES_REGENERATION,NO,,Weapon,,,"Ignores Regeneration, and against units where most models have Defense 2+ to Defense 4+, this weapon gets AP (+1)."
Purge the Impure (3),ENEMY_DAMAGE_SPELL,YES,Damage spell targeting enemies,Aura Special Rules,,,"Pick up to two enemy units within 12"", which take 3 hits with AP (2) each."
Quake,IGNORES_REGEN_+_EXTRA_WOUND,NO,,Weapon,,,"Ignores Regeneration, and on unmodified results of 1 to block hits, this weapon deals 1 extra wound."
Quake when Shooting,EFFECT_CDF6FF,NO,,Weapon,,,This model gets Quake when shooting.
Quick Readjustment,EFFECT_299424,NO,,Weapon,,,This model ignores penalties from shooting after moving when using Indirect weapons.
Quick Shot Aura,AURA_QUICK_SHOT,NO,,Aura Special Rules,,,This model and its unit get Quick Shot .
Quick Shot Mark,EFFECT_18FD87,NO,,Weapon,,YES,"Once per activation, before attacking, pick one enemy unit within 18"", which friendly units gets Quick Shot against once (next time the effect would apply)."
Quill Blast (2),ENEMY_DAMAGE_SPELL,YES,Damage spell targeting enemies,Aura Special Rules,,,"Pick one enemy unit within 12"", which takes 4 hit with Scratch ."
Raiding Drugs (2),HIT_+1_MELEE,NO,,Aura Special Rules,,,"Pick up to two enemy units within 18"", which friendly units get +1 to hit rolls in melee against once (next time the effect would apply)."
Ranged Shrouding Aura,AURA_RANGED_SHROUDING,NO,,Aura Special Rules,,,This model and its unit get Ranged Shrouding .
Ranged Slayer Aura,AURA_RANGED_SLAYER,NO,,Aura Special Rules,,,This model and its unit get Ranged Slayer .
Rapid Advance Aura,AURA_RAPID_ADVANCE,NO,,Aura Special Rules,,,This model and its unit get Rapid Advance .
Rapid Advance Buff,PICK_FRIENDLY_UNIT_BUFF,YES,Targets friendly units (buff spell),Movement,,YES,"Once per activation, before attacking, pick one friendly unit within 12"", which gets Rapid Advance once (next time the effect would apply)."
Rapid Ambush,EFFECT_25C6D3,NO,,Movement,,,"Counts as having Ambush, but may be deployed at the start of any round, including the first."
Rapid Blink,EFFECT_C9E70C,NO,,Army-Wide Special Rules,,,"When this unit is activated, you may place all models with this rule in it anywhere fully within 3"" of their position."
Rapid Blink Boost Aura,AURA_RAPID_BLINK_BOOST,NO,,Aura Special Rules,,,This model and its unit get Rapid Blink Boost .
Rapid Charge,MOVE_+4_ON_CHARGE,NO,,Movement,,,"This model moves +4"" when using Charge actions."
Rapid Charge Aura,MOVE_+4_ON_CHARGE,NO,,Aura Special Rules,,,"This model and its unit moves +4"" when using Charge actions."
Rapid Mutation (3),PICK_FRIENDLY_UNIT_BUFF,YES,Targets friendly units (buff spell),Aura Special Rules,,,"Pick up to three friendly units within 12"", which get Regeneration once (next time the effect would apply)."
Rapid Putrefaction (1),ENEMY_DAMAGE_SPELL,YES,Damage spell targeting enemies,Aura Special Rules,,,"Pick one enemy unit within 12"", which takes 2 hit with AP (1) and Butcher . Roll as many dice as hits to see if ""on rolls of 6"" effects trigger."
Rapid Rush Aura,AURA_RAPID_RUSH,NO,,Aura Special Rules,,,This model and its unit get Rapid Rush .
Ravage,EFFECT_389A8A,NO,,Weapon,,,"When it's this model's turn to attack in melee, roll X dice. For each 6+ the target takes one wound."
Re-Deployment,EFFECT_B2E92A,NO,,Movement,,,"After all other units are deployed (excluding units that were set aside), you may remove up to two friendly units from the table and deploy them again. Players alternate in placing Re-Deployment units, starting with the player that activates next."
Re-Position Artillery,EFFECT_7FC4B5,NO,,Movement,,YES,"Once per activation, pick one friendly model within 6"" with Artillery, which may immediately move by up to 9""."
Reanimation Aura,AURA_REANIMATION,NO,,Aura Special Rules,,,This model and its unit get Reanimation .
Reap,EFFECT_301E2D,NO,,Weapon,,,"Against units where most models have Defense 2+ to Defense 3+, this weapon gets AP (+2)."
Regeneration Aura,HAS_REGENERATION,NO,,Aura Special Rules,,,This model and its unit get Regeneration .
Regeneration Buff,PICK_FRIENDLY_UNIT_BUFF,YES,Targets friendly units (buff spell),Defense,,YES,"Once per activation, before attacking, pick one friendly unit within 12"", which gets Regeneration once (next time the effect would apply)."
Regenerative Strength,EFFECT_D01FC2,NO,,Weapon,,,"Place one marker on this model when it ignores a wound. When in melee, pick one of its weapons to get +X attacks, where X is the number of markers on it."
Reinforced,EFFECT_8C75A8,NO,,Army-Wide Special Rules,,,"When units where all models have this rule are shot or charged from over 9"" away and take hits, those hits count as having AP (-1), to a min. of AP (0)."
Reinforcement,EFFECT_B38EF2,NO,,,,,"When a unit where all models have this rule is shaken or fully destroyed, you may remove it from the table as destroyed and place a new copy of it fully within 12"" of any table edge at the beginning of the next round after Ambushers have been deployed. Units that deploy via Reinforcement can't seize"
Relentless Aura,AURA_RELENTLESS,NO,,Aura Special Rules,,,This model and its unit get Relentless .
Relentless Mark,EFFECT_D7F92B,NO,,Weapon,,YES,"Once per activation, before attacking, pick one enemy unit within 18"", which friendly units gets Relentless against once (next time the effect would apply)."
Rending in Melee Aura,AURA_RENDING_IN_MELEE,NO,,Aura Special Rules,,,This model and its unit get Rending in melee.
Rending in Melee Mark,EFFECT_3CD2B2,NO,,Weapon,,YES,"Once per activation, before attacking, pick one enemy unit within 18"", which friendly units gets Rending in melee against once (next time the effect would apply)."
Rending when Shooting Aura,AURA_RENDING_WHEN_SHOOTING,NO,,Aura Special Rules,,,This model and its unit get Rending when shooting.
Repel Ambushers,EFFECT_544B61,NO,,Defense,,,"Enemy units using Ambush must be set up over 12"" away from this model's unit."
Resistance,IGNORE_WOUND_ON_6+,NO,,Defense,,,"When a unit where all models have this rule takes wounds, roll one die for each. On a 6+ it is ignored. If the wounds were from a spell, then they are ignored on a 2+ instead."
Resistance Aura,AURA_RESISTANCE,NO,,Aura Special Rules,,,This model and its unit get Resistance .
Retaliate,EFFECT_A88962,NO,,Defense,,,"When this model takes a wound in melee, the attacker takes X hits."
Righteous Fury (2),PICK_FRIENDLY_UNIT_BUFF,YES,Targets friendly units (buff spell),Aura Special Rules,,,"Pick up to two friendly units within 12"", which get Piercing Assault once (next time the effect would apply)."
Righteous Wrath (1),ENEMY_DAMAGE_SPELL,YES,Damage spell targeting enemies,Aura Special Rules,,,"Pick one enemy model within 24"", which takes 1 hit with AP (4)."
Rot Wave (3),ENEMY_DAMAGE_SPELL,YES,Damage spell targeting enemies,Aura Special Rules,,,"Pick one enemy unit within 18"", which takes 6 hit."
Ruinous Frenzy,DEFENSE_+1,NO,,Unit,,,Place one marker on this unit when it fully destroys an enemy unit. For each marker all models with this rule in this unit get +1 to hit rolls and +1 to defense rolls until the end of the game (up to a max. of +2).
Rupture,ON_6_TO_HIT_EXTRA_WOUND,NO,,Weapon,,,"Ignores Regeneration, and on unmodified results of 6 to hit that aren't blocked, this weapon deals 1 extra wound."
Scout Aura,AURA_SCOUT,NO,,Aura Special Rules,,,This model and its unit get Scout .
Scrapper,EFFECT_A6BC0C,NO,,Army-Wide Special Rules,,,"When attacking, targets must re-roll unmodified Defense results of 6 when blocking hits from this model's weapons."
Scrapper Boost Aura,AURA_SCRAPPER_BOOST,NO,,Aura Special Rules,,,This model and its unit get Scrapper Boost .
Scratch,EFFECT_61B49E,NO,,Weapon,,,"Against units where most models have Tough (3) to Tough (9), this weapon gets AP (+2)."
Scurry,MOVE_+2_ON_ADVANCE,NO,,Army-Wide Special Rules,,,"Moves +2"" when using Advance, and +2"" when using Rush/Charge."
Scurry Boost Aura,AURA_SCURRY_BOOST,NO,,Aura Special Rules,,,This model and its unit get Scurry Boost .
Searing Admonition (3),ENEMY_DAMAGE_SPELL,YES,Damage spell targeting enemies,Aura Special Rules,,,"Pick one enemy unit within 18"", which takes 3 hit with Blast (3)."
Searing Burst (2),ENEMY_DAMAGE_SPELL,YES,Damage spell targeting enemies,Aura Special Rules,,,"Pick one enemy unit within 12"", which takes 6 hit."
Searing Shrapnel (2),ENEMY_DAMAGE_SPELL,YES,Damage spell targeting enemies,Aura Special Rules,,,"Pick one enemy unit within 12"", which takes 4 hit with AP (1) and Wreck ."
Self-Destruct,EFFECT_DE2243,NO,,Weapon,,,"If this model is killed in melee, the attacking unit takes X hits. If this model survives melee, after both sides have finished attacking, it is immediately killed, and the enemy unit takes X hits."
Self-Repair,IGNORE_WOUND_ON_6+,NO,,Defense,,,"When a unit where all models have this rule takes wounds, roll one die for each. On a 6+ it is ignored."
Self-Repair Boost Buff,PICK_FRIENDLY_UNIT_BUFF,YES,Targets friendly units (buff spell),Defense,,YES,"Once per activation, before attacking, pick one friendly unit within 12"", which gets Self-Repair Boost once (next time the effect would apply)."
Serpent Comet (1),ENEMY_DAMAGE_SPELL,YES,Damage spell targeting enemies,Aura Special Rules,,,"Pick one enemy unit within 12"", which takes 2 hit with Disintegrate ."
Shadow Dance (2),PICK_FRIENDLY_UNIT_BUFF,YES,Targets friendly units (buff spell),Aura Special Rules,,,"Pick up to two friendly units within 12"", which get Rapid Blink Boost once (next time the effect would apply)."
Shatter,IGNORES_REGEN_+_AP+2,NO,,Weapon,,,"Ignores Regeneration, and against units where most models have Tough (3) to Tough (9), this weapon gets AP (+2)."
Shattering Curse (3),ENEMY_DAMAGE_SPELL,YES,Damage spell targeting enemies,Aura Special Rules,,,"Pick one enemy unit within 12"", which takes 6 hit with AP (1) and Crack . Roll as many dice as hits to see if ""on rolls of 6"" effects trigger."
Shield Breaker (3),ENEMY_DAMAGE_SPELL,YES,Damage spell targeting enemies,Aura Special Rules,,,"Pick one enemy unit within 12"", which takes 6 hit with AP (1) and Shred ."
Shielded,DEFENSE_+1,NO,,Defense,,,Units where all models have this rule get +1 to defense rolls against hits that are not from spells.
Shielded Aura,AURA_SHIELDED,NO,,Aura Special Rules,,,This model and its unit get Shielded .
Shifting Form (1),EFFECT_0B91BF,NO,,Aura Special Rules,,,"Pick one enemy unit within 18"", which gets -3 to casting rolls once (next time the effect would apply)."
Shock Speed (3),PICK_FRIENDLY_UNIT_BUFF,YES,Targets friendly units (buff spell),Aura Special Rules,,,"Pick up to three friendly units within 12"", which moves +2"" when using Advance actions and +4"" when using Rush/Charge actions once (next time the effect would apply)."
Shred,EFFECT_B7AEEA,NO,,Weapon,,,"On unmodified results of 1 to block hits, this weapon deals 1 extra wound."
Shred in Melee Aura,AURA_SHRED_IN_MELEE,NO,,Aura Special Rules,,,This model and its unit get Shred in melee.
Shred Mark,EFFECT_C24948,NO,,Weapon,,YES,"Once per activation, before attacking, pick one enemy unit within 18"", which friendly units gets Shred when attacking against once (next time the effect would apply)."
Shred when Shooting Aura,AURA_SHRED_WHEN_SHOOTING,NO,,Aura Special Rules,,,This model and its unit get Shred when shooting.
Shroud Field (3),PICK_FRIENDLY_UNIT_BUFF,YES,Targets friendly units (buff spell),Aura Special Rules,,,"Pick up to three friendly units within 12"", which get +1 to defense rolls once (next time the effect would apply)."
Shrouding Incense (2),PICK_FRIENDLY_UNIT_BUFF,YES,Targets friendly units (buff spell),Aura Special Rules,,,"Pick up to two friendly units within 12"", which get Machine-Fog Boost once (next time the effect would apply)."
Skewer,IGNORES_COVER,NO,,Weapon,,,"Ignores Cover, and against units where most models have Tough (3) to Tough (9), this weapon gets Deadly (+3)."
Sky Blaze (1),ENEMY_DAMAGE_SPELL,YES,Damage spell targeting enemies,Aura Special Rules,,,"Pick one enemy unit within 12"", which takes 2 hit with AP (1) and Slash . Roll as many dice as hits to see if ""on rolls of 6"" effects trigger."
Slam,IGNORES_COVER,NO,,Weapon,,,"Ignores Cover, and on unmodified results of 1 to block hits, this weapon deals 1 extra wound."
Slash,ON_6_TO_HIT_EXTRA_HIT_ANY,NO,,Weapon,,,"Ignores Cover, and on unmodified results of 6 to hit, this weapon deals 1 extra hits (only the original hit counts as a 6 for special rules)."
Slayer Mark,EFFECT_930854,NO,,Weapon,,YES,"Once per activation, before attacking, pick one enemy unit within 18"", which friendly units gets Slayer against once (next time the effect would apply)."
Smash,IGNORES_REGENERATION,NO,,Weapon,,,"Ignores Regeneration, and against units where most models have Defense 5+ to Defense 6+, this weapon gets Blast (+3)."
Smiting Rune  (2),ENEMY_DAMAGE_SPELL,YES,Damage spell targeting enemies,Aura Special Rules,,,"Pick one enemy unit within 12"", which takes 4 hit with AP (1) and Quake ."
Snake Bite (1),ENEMY_DAMAGE_SPELL,YES,Damage spell targeting enemies,Aura Special Rules,,,"Pick one enemy unit within 12"", which takes 2 hit with AP (1) and Lacerate ."
Soul Spear (1),ENEMY_DAMAGE_SPELL,YES,Damage spell targeting enemies,Aura Special Rules,,,"Pick one enemy model within 24"", which takes 1 hit with Puncture ."
Spawn,ONCE_PER_GAME,YES,Once per game effect,Unit,YES,,"Once per game, when this model is activated, you may place a new unit of X fully within 6"" of it."
Speed Buff,PICK_FRIENDLY_UNIT_BUFF,YES,Targets friendly units (buff spell),Movement,,YES,"Once per activation, before attacking, pick one friendly unit within 12"", which moves +2"" when using Advance actions and +4"" when using Rush/Charge actions once (next time the effect would apply)."
Speed Debuff,EFFECT_ED9AE8,NO,,Movement,,YES,"Once per activation, before attacking, pick one enemy unit within 18"", which moves -2"" when using Advance actions and -4"" when using Rush/Charge actions once (next time the effect would apply)."
Speed Feat Aura,AURA_SPEED_FEAT,NO,,Aura Special Rules,,,This model and its unit get Speed Feat .
Spell Accumulator,EFFECT_E92BD1,NO,,Special Rules,,,"Gets X accumulator tokens at the start of each round, but can't hold more than 6 tokens at once. Casters from other friendly units within 12"" may spend this model's accumulator tokens as if they were their own spell tokens."
Spell Conduit,EFFECT_3622A6,NO,,Unit,,,"Casters within 12"" that are from other friendly units may cast spells as if they were in this model's position, and get +1 to casting rolls when doing so."
Spirit Power (1),PICK_FRIENDLY_UNIT_BUFF,YES,Targets friendly units (buff spell),Aura Special Rules,,,"Pick one friendly unit within 12"", which gets Flying once (next time the effect would apply)."
Spirit Resolve (2),PICK_FRIENDLY_UNIT_BUFF,YES,Targets friendly units (buff spell),Aura Special Rules,,,"Pick up to two friendly units within 12"", which get Clan Warrior Boost once (next time the effect would apply)."
Split,EFFECT_8A3552,NO,,Unit,,,"When this unit is fully destroyed, you may place a new unit of X fully within 6"" of it before removing the last model."
Spread Plague (2),ENEMY_DAMAGE_SPELL,YES,Damage spell targeting enemies,Aura Special Rules,,,"Pick one enemy unit within 18"", which takes 2 hit with Bash ."
Steadfast,RECOVER_FROM_SHAKEN_ON_4+,NO,,Defense,,,"If a unit where all models have this rule is Shaken at the beginning of the round, roll one die. On a 4+, it stops being Shaken."
Steadfast Aura,AURA_STEADFAST,NO,,Aura Special Rules,,,This model and its unit get Steadfast .
Steadfast Buff,PICK_FRIENDLY_UNIT_BUFF,YES,Targets friendly units (buff spell),Defense,,YES,"Once per activation, before attacking, pick one friendly unit within 12"", which gets Steadfast once (next time the effect would apply)."
Stealth Aura,HAS_STEALTH,NO,,Aura Special Rules,,,This model and its unit get Stealth .
Stealth Buff,PICK_FRIENDLY_UNIT_BUFF,YES,Targets friendly units (buff spell),Defense,,YES,"Once per activation, before attacking, pick one friendly unit within 12"", which gets Stealth once (next time the effect would apply)."
Storm of Change,ONCE_PER_GAME,YES,Once per game effect,Weapon,YES,,"Once per game, when this model is activated, before attacking, roll 3 dice. For each 2+ one enemy unit within 12"" takes 3 hits with Shred ."
Storm of Lust,ONCE_PER_GAME,YES,Once per game effect,Weapon,YES,,"Once per game, when this model is activated, before attacking, roll 3 dice. For each 2+ one enemy unit within 12"" takes 3 hits with Surge (roll one die per hit to see if it triggers)."
Storm of Plague,ONCE_PER_GAME,YES,Once per game effect,Weapon,YES,,"Once per game, when this model is activated, before attacking, roll 3 dice. For each 2+ one enemy unit within 12"" takes 3 hits with Bane ."
Storm of Power (3),ENEMY_DAMAGE_SPELL,YES,Damage spell targeting enemies,Aura Special Rules,,,"Pick one enemy unit within 12"", which takes 6 hit with AP (1) and Surge . Roll as many dice as hits to see if ""on rolls of 6"" effects trigger."
Storm of War,ONCE_PER_GAME,YES,Once per game effect,Weapon,YES,,"Once per game, when this model is activated, before attacking, roll 3 dice. For each 2+ one enemy unit within 12"" takes 3 hits with AP (1)."
Strafing,EFFECT_7578D4,NO,,Weapon,,YES,"Once per activation, when this model moves through enemy units, pick one of them and attack it with this weapon as if it was shooting. This weapon may only be used in this way."
Strider Aura,AURA_STRIDER,NO,,Aura Special Rules,,,This model and its unit get Strider .
Sturdy,DEFENSE_+1,NO,,Army-Wide Special Rules,,,"When units where all models have this rule are shot or charged from over 9"" away, they get +1 to defense rolls."
Sturdy Boost Aura,AURA_STURDY_BOOST,NO,,Aura Special Rules,,,This model and its unit get Sturdy Boost .
Surge,ON_6_TO_HIT_EXTRA_HIT_ANY,NO,,Weapon,,,"On unmodified results of 6 to hit, this weapon deals 1 extra hits (only the original hit counts as a 6 for special rules)."
Surprise Attack,EFFECT_40122C,NO,,Special Rules,,,"Counts as having Infiltrate . Once deployed via this rule, roll X dice, for each 4+ one enemy unit within 3"" takes 2 hits with AP (1)."
Surprise Piercing Shot,EFFECT_A78413,NO,,Movement,,,"Counts as having Ambush, and gets AP (+2) when shooting on the round in which it deploys via this rule."
Swift,EFFECT_AA532C,NO,,Movement,,,This model may ignore the Slow rule.
Swift Aura,AURA_SWIFT,NO,,Aura Special Rules,,,This model and its unit get Swift .
Swift Buff,PICK_FRIENDLY_UNIT_BUFF,YES,Targets friendly units (buff spell),Movement,,YES,"Once per activation, before attacking, pick one friendly unit within 12"", which gets Swift once (next time the effect would apply)."
System Takeover (2),ENEMY_DAMAGE_SPELL,YES,Damage spell targeting enemies,Aura Special Rules,,,"Pick one enemy unit within 12"", which takes 6 hit."
Takedown Strike,ONCE_PER_GAME,YES,Once per game effect,Weapon,YES,,"Once per game, when it's this model's turn to attack in melee, you may pick one model in the unit as its target, and make one attack at Quality 2+ with AP (2) and Deadly (3), which is resolved as if it's a unit of 1."
Targeting Visor,HIT_+1_ANY,NO,,Army-Wide Special Rules,,,"When this model shoots at enemies over 9"" away, it gets +1 to hit rolls."
Targeting Visor Boost Aura,AURA_TARGETING_VISOR_BOOST,NO,,Aura Special Rules,,,This model and its unit get Targeting Visor Boost .
Tear,EFFECT_E45446,NO,,Weapon,,,"Against units where most models have Tough (3) to Tough (9), this weapon gets AP (+4)."
Tech-Sickness (2),EFFECT_359272,NO,,Aura Special Rules,,,"Pick up to two enemy units within 18"", which get -1 to defense rolls once (next time the effect would apply)."
Teleport,EFFECT_CAECF4,NO,,Movement,,YES,"Once per activation, before attacking, place this model anywhere fully within 6"" of its position."
Teleport Aura,AURA_TELEPORT,NO,,Aura Special Rules,,,This model and its unit get Teleport .
Terrifying Fury (1),EFFECT_8A9DC4,NO,,Aura Special Rules,,,"Pick one enemy unit within 18"", which must take a morale test. If failed, it becomes fatigued."
Terror Seeker (3),EFFECT_BD9E8C,NO,,Aura Special Rules,,,"Pick up to three enemy units within 18"", which friendly units gets Unpredictable Fighter against once (next time the effect would apply)."
The Founder's Curse (1),EFFECT_B664B8,NO,,Aura Special Rules,,,"Pick one enemy unit within 18"", which friendly units gets Shred when attacking against once (next time the effect would apply)."
Thrash,EFFECT_EA7241,NO,,Weapon,,,"Against units where most models have Defense 5+ to Defense 6+, this weapon gets Blast (+3)."
Thrust in Melee Aura,AURA_THRUST_IN_MELEE,NO,,Aura Special Rules,,,This model and its unit get Thrust in melee.
Thunderous Mist (1),ENEMY_DAMAGE_SPELL,YES,Damage spell targeting enemies,Aura Special Rules,,,"Pick one enemy unit within 18"", which takes 2 hit."
Total Seizure (2),ENEMY_DAMAGE_SPELL,YES,Damage spell targeting enemies,Aura Special Rules,,,"Pick one enemy model within 18"", which takes 4 hit with AP (1)."
Toxin Mist (1),EFFECT_94CB84,NO,,Aura Special Rules,,,"Pick one enemy unit within 18"", which friendly units gets Bane when attacking against once (next time the effect would apply)."
Triangulation Bots (1),EFFECT_0A497C,NO,,Aura Special Rules,,,"Pick one enemy unit within 18"", which friendly units gets Indirect when shooting against once (next time the effect would apply)."
Unpredictable,HIT_+1_ANY,NO,,Weapon,,,"When attacking, roll one die and apply one effect to all models with this rule: on a 1-3 they get AP (+1), and on a 4-6 they get +1 to hit rolls instead."
Unpredictable Fighter,HIT_+1_MELEE,NO,,Weapon,,,"When in melee, roll one die and apply one effect to all models with this rule: on a 1-3 they get AP (+1), and on a 4-6 they get +1 to hit rolls instead."
Unpredictable Fighter Aura,AURA_UNPREDICTABLE_FIGHTER,NO,,Aura Special Rules,,,This model and its unit get Unpredictable Fighter .
Unpredictable Fighter Mark,EFFECT_A1BC70,NO,,Weapon,,YES,"Once per activation, before attacking, pick one enemy unit within 18"", which friendly units gets Unpredictable Fighter against once (next time the effect would apply)."
Unpredictable Shooter,HIT_+1_SHOOTING,NO,,Weapon,,,"When shooting, roll one die and apply one effect to all models with this rule: on a 1-3 they get AP (+1), and on a 4-6 they get +1 to hit rolls instead."
Unpredictable Shooter Aura,AURA_UNPREDICTABLE_SHOOTER,NO,,Aura Special Rules,,,This model and its unit get Unpredictable Shooter .
Unstoppable in Melee Aura,AURA_UNSTOPPABLE_IN_MELEE,NO,,Aura Special Rules,,,This model and its unit get Unstoppable in melee.
Unstoppable Shooting Mark,EFFECT_983EBA,NO,,Weapon,,YES,"Once per activation, before attacking, pick one enemy unit within 18"", which friendly units gets Unstoppable when shooting against once (next time the effect would apply)."
Unstoppable when Shooting Aura,AURA_UNSTOPPABLE_WHEN_SHOOTING,NO,,Aura Special Rules,,,This model and its unit get Unstoppable when shooting.
Unwieldy Debuff,EFFECT_8B9308,NO,,Defense,,YES,"Once per activation, before attacking, pick one enemy unit within 18"", which gets Unwieldy in melee once (next time the effect would apply)."
Veil of Madness (3),EFFECT_EB1951,NO,,Aura Special Rules,,,"Pick up to three enemy units within 18"", which friendly units gets Slayer against once (next time the effect would apply)."
Vengeance,EFFECT_42CFF6,NO,,,,,"When this unit is fully destroyed, place as many Vengeance markers on the unit that destroyed it as models with this rule in this unit at the beginning of the game. Friendly units get +X to hit rolls with their weapons when attacking that unit, where X is the number of markers on it."
Versatile Attack,HIT_+1_ANY,NO,,Weapon,,,"When this unit is activated, pick one effect: until the end of the activation all models with this rule in it either get AP (+1) when attacking, or get +1 to hit rolls when attacking."
Versatile Defense Aura,AURA_VERSATILE_DEFENSE,NO,,Aura Special Rules,,,This model and its unit get Versatile Defense .
Versatile Reach Aura,AURA_VERSATILE_REACH,NO,,Aura Special Rules,,,This model and its unit get Versatile Reach .
Violent Onslaught (1),PICK_FRIENDLY_UNIT_BUFF,YES,Targets friendly units (buff spell),Aura Special Rules,,,"Pick one friendly unit within 12"", which gets Infected Boost once (next time the effect would apply)."
Volatile Infection (3),ENEMY_DAMAGE_SPELL,YES,Damage spell targeting enemies,Aura Special Rules,,,"Pick one enemy unit within 6"", which takes 3 hit with AP (2) and Deadly (3)."
War Boon (3),PICK_FRIENDLY_UNIT_BUFF,YES,Targets friendly units (buff spell),Aura Special Rules,,,"Pick up to three friendly units within 12"", which get Warbound Boost once (next time the effect would apply)."
Warbound,EFFECT_9FF7CC,NO,,Weapon,,,Enemies that roll to block hits from this model's weapons take 1 extra wound for each unmodified result of 1 that they roll.
Warbound Boost,EFFECT_B507D8,NO,,Weapon,,,"If this model has Warbound , enemies taking wounds from it take extra wounds on failed defense rolls of 1-2 from Warbound (instead of only on 1)."
Warbound Boost Aura,AURA_WARBOUND_BOOST,NO,,Aura Special Rules,,,This model and its unit get Warbound Boost .
Watch Dome (3),PICK_FRIENDLY_UNIT_BUFF,YES,Targets friendly units (buff spell),Aura Special Rules,,,"Pick up to three friendly units within 12"", which get Evasive once (next time the effect would apply)."
Watch Sight (1),EFFECT_0F3FBB,NO,,Aura Special Rules,,,"Pick one enemy unit within 18"", which friendly units gets Unstoppable when shooting against once (next time the effect would apply)."
Watch Trauma (1),ENEMY_DAMAGE_SPELL,YES,Damage spell targeting enemies,Aura Special Rules,,,"Pick one enemy unit within 18"", which takes 1 hit with Smash ."
Watch Wound (1),ENEMY_DAMAGE_SPELL,YES,Damage spell targeting enemies,Aura Special Rules,,,"Pick one enemy unit within 12"", which takes 2 hit with Demolish ."
Watchborn,HIT_+1_ANY,NO,,Weapon,,,"When this unit is activated, pick one effect: until the end of the activation all models with this rule in it either get AP (+1) when attacking, or get +1 to hit rolls when attacking."
Wave of Discord (2),ENEMY_DAMAGE_SPELL,YES,Damage spell targeting enemies,Aura Special Rules,,,"Pick one enemy unit within 18"", which takes 2 hit with Thrash ."
Weapon Booster (1),PICK_FRIENDLY_UNIT_BUFF,YES,Targets friendly units (buff spell),Aura Special Rules,,,"Pick one friendly unit within 12"", which gets Scurry Boost once (next time the effect would apply)."
Wolf Dome (3),PICK_FRIENDLY_UNIT_BUFF,YES,Targets friendly units (buff spell),Aura Special Rules,,,"Pick up to three friendly units within 12"", which get Evasive once (next time the effect would apply)."
Wolf Sight (1),EFFECT_0F3FBB,NO,,Aura Special Rules,,,"Pick one enemy unit within 18"", which friendly units gets Unstoppable when shooting against once (next time the effect would apply)."
Wolf Trauma (1),ENEMY_DAMAGE_SPELL,YES,Damage spell targeting enemies,Aura Special Rules,,,"Pick one enemy unit within 18"", which takes 1 hit with Smash ."
Wolf Wound (1),ENEMY_DAMAGE_SPELL,YES,Damage spell targeting enemies,Aura Special Rules,,,"Pick one enemy unit within 12"", which takes 2 hit with Demolish ."
Wolfborn,EFFECT_C9E70C,NO,,Army-Wide Special Rules,,,"When this unit is activated, you may place all models with this rule in it anywhere fully within 3"" of their position."
Wreck,IGNORES_COVER,NO,,Weapon,,,"Ignores Cover, and when attacking the target must re-roll unmodified Defense results of 6."
Zap! (1),ENEMY_DAMAGE_SPELL,YES,Damage spell targeting enemies,Aura Special Rules,,,"Pick one enemy unit within 12"", which takes 2 hit with AP (1) and Surge ."
